alpha,alpha3,average_cost,batch_size,critic1 error,critic2 error,entropy,eplenmean,eplrewmean,eprewmean,lr_a,lr_c,lr_l,lyapunov error,lyapunov_lambda,policy_loss,target_entropy,tau,total_timesteps
0.91618395,1.0,4.924334437613696,256,83.31305,83.29162,0.11976794,26.1,0.0,128.5251288217175,9.97966e-05,0.0002993898,0.0002993898,99.729744,1.0,6.9318266,-1,0.005,2048
0.8396479,,2.939577674913002,,69.08995,68.3279,-0.26438746,23.9,0.0,70.25590643042074,9.95908e-05,0.00029877239999999997,0.00029877239999999997,71.65447,1.0,3.4311638,,,4096
0.7850517,,5.948930821139821,,74.7117,73.23855,-0.17794573,11.2,0.0,66.62802519676599,9.93864e-05,0.00029815919999999995,0.00029815919999999995,28.579563,1.0,2.41676,,,6144
0.7062996,,6.080973688819121,,70.308556,68.74524,-0.3304057,12.5,0.0,76.01217111023901,9.918160000000001e-05,0.00029754479999999996,0.00029754479999999996,16.575726,1.0,1.3324144,,,8192
0.64119446,,5.594788672325953,,68.12426,67.32133,-0.17044243,11.9,0.0,66.57798520067884,9.897660000000001e-05,0.0002969298,0.0002969298,17.500439,1.0,1.7846705,,,10240
0.5852291,,3.42486496576141,,79.71812,78.16424,-0.34789664,21.2,0.0,72.60713727414189,9.87766e-05,0.00029632979999999996,0.00029632979999999996,12.135727,1.0,1.5493053,,,12288
0.53492,,2.728113401157601,,68.83169,68.18073,-0.46733946,22.6,0.0,61.65536286616178,9.856960000000001e-05,0.0002957088,0.0002957088,12.73158,1.0,1.2527431,,,14336
0.4860844,,4.34929921080961,,76.88813,76.14892,-0.47379977,14.5,0.0,63.064838556739346,9.836279999999999e-05,0.00029508839999999996,0.00029508839999999996,11.918242,1.0,1.459799,,,16384
0.44771948,,1.1970069377664967,,64.526184,63.803894,-0.41961235,59.2,0.0,70.8628107157766,9.81632e-05,0.0002944896,0.0002944896,8.347082,1.0,1.1268371,,,18432
0.41511735,,0.5170365701796302,,62.022713,60.92803,-0.40397698,108.1,0.0,55.89165323641803,9.797270000000001e-05,0.0002939181,0.0002939181,8.942331,1.0,1.0862651,,,20480
0.37992525,,0.21775157143618096,,56.76188,56.00022,-0.41010556,178.6,0.0,38.89043065850192,9.77691e-05,0.00029330729999999997,0.00029330729999999997,8.152541,1.0,0.98867667,,,22528
0.33782217,,0.40362240088173906,,55.555096,54.865253,-0.36683956,107.0,0.0,43.18759689434608,9.75595e-05,0.00029267849999999995,0.00029267849999999995,7.670465,1.0,0.96550405,,,24576
0.30902433,,0.19204905685607196,,52.25484,51.50416,-0.42388582,179.7,0.0,34.51121551703613,9.73548e-05,0.00029206439999999995,0.00029206439999999995,7.3187914,1.0,0.88473666,,,26624
0.28186572,,0.20358681312678745,,46.67576,46.08965,-0.42361283,201.8,0.0,41.08381888898571,9.715300000000001e-05,0.000291459,0.000291459,6.7703094,1.0,0.7726735,,,28672
0.26004377,,0.1130478400102015,,43.16849,42.56212,-0.4226727,226.1,0.0,25.56011662630656,9.6953e-05,0.000290859,0.000290859,7.2893233,1.0,0.69331235,,,30720
0.2334903,,0.17737133461232807,,40.148155,39.615383,-0.38350818,250.0,0.0,44.34283365308202,9.672800000000001e-05,0.00029018399999999997,0.00029018399999999997,6.50023,1.0,0.6332345,,,32768
0.21212082,,0.13830032725933888,,37.18441,36.784172,-0.43620878,250.0,0.0,34.57508181483472,9.652800000000001e-05,0.00028958399999999996,0.00028958399999999996,5.53975,1.0,0.5682282,,,34816
0.19308677,,0.09619617994084063,,37.194633,36.697464,-0.42614403,250.0,0.0,24.04904498521016,9.6328e-05,0.000288984,0.000288984,5.9076777,1.0,0.534451,,,36864
0.17582591,,0.1351749243116821,,36.940132,36.457703,-0.42062482,250.0,0.0,33.793731077920526,9.612800000000001e-05,0.000288384,0.000288384,5.108775,1.0,0.5343747,,,38912
0.1586547,,0.22251657442473413,,30.807928,30.416555,-0.47638693,246.5,0.0,54.85033559569696,9.590650000000001e-05,0.0002877195,0.0002877195,4.0379806,1.0,0.46498743,,,40960
0.14522013,,0.1336596903348555,,28.468908,28.092548,-0.4681235,250.0,0.0,33.414922583713874,9.570650000000002e-05,0.00028711949999999997,0.00028711949999999997,4.576415,1.0,0.44948682,,,43008
0.13265923,,0.0768298992510888,,28.977045,28.591593,-0.51237154,250.0,0.0,19.207474812772197,9.550650000000001e-05,0.0002865195,0.0002865195,5.084844,1.0,0.42376918,,,45056
0.12182406,,0.2084641795606114,,27.861633,27.476105,-0.5970709,248.2,0.0,51.74080936694374,9.530830000000001e-05,0.0002859249,0.0002859249,3.7824368,1.0,0.42009205,,,47104
0.112188436,,0.10031190664259013,,26.379395,26.056164,-0.6385028,250.0,0.0,25.077976660647533,9.51083e-05,0.0002853249,0.0002853249,4.231864,1.0,0.40762028,,,49152
0.102276996,,0.14685957739180006,,25.703272,25.446512,-0.6485373,250.0,0.0,36.714894347950015,9.488330000000001e-05,0.0002846499,0.0002846499,3.4647987,1.0,0.40650168,,,51200
0.093615614,,0.11759130707799811,,24.672443,24.439558,-0.67300916,250.0,0.0,29.397826769499527,9.468330000000001e-05,0.0002840499,0.0002840499,4.3509016,1.0,0.39032277,,,53248
0.0857317,,0.10503017695057687,,24.385977,24.173065,-0.6966939,250.0,0.0,26.25754423764422,9.44833e-05,0.0002834499,0.0002834499,3.7872994,1.0,0.37918854,,,55296
0.078680545,,0.1949349007637979,,23.252638,22.922474,-0.7037039,250.0,0.0,48.73372519094948,9.428330000000001e-05,0.0002828499,0.0002828499,2.851565,1.0,0.35627368,,,57344
0.07257668,,0.16771007563179985,,21.3853,21.087322,-0.76265395,250.0,0.0,41.92751890794996,9.408330000000001e-05,0.00028224989999999997,0.00028224989999999997,3.18185,1.0,0.35412946,,,59392
0.0663654,,0.10837223017849729,,22.208878,21.947409,-0.75100553,250.0,0.0,27.093057544624322,9.38583e-05,0.00028157489999999997,0.00028157489999999997,2.8377507,1.0,0.334994,,,61440
0.061167795,,0.17620186816448632,,23.655867,23.324913,-0.7670026,250.0,0.0,44.05046704112158,9.36583e-05,0.00028097489999999995,0.00028097489999999995,2.49407,1.0,0.36239538,,,63488
0.056263674,,0.16386733352939306,,18.60593,18.379143,-0.7486404,250.0,0.0,40.96683338234826,9.345829999999999e-05,0.00028037489999999994,0.00028037489999999994,2.5040898,1.0,0.30405766,,,65536
0.05220021,,0.13364620185611886,,19.873432,19.670906,-0.8537322,250.0,0.0,33.411550464029716,9.32583e-05,0.0002797749,0.0002797749,2.6795692,1.0,0.2999559,,,67584
0.04910765,,0.11271963498999225,,19.61636,19.406588,-0.8822478,250.0,0.0,28.179908747498065,9.30583e-05,0.00027917489999999996,0.00027917489999999996,3.0671003,1.0,0.29925495,,,69632
0.045424163,,0.1249089378403407,,18.838966,18.624645,-0.87475777,250.0,0.0,31.227234460085175,9.28333e-05,0.00027849989999999996,0.00027849989999999996,2.4296293,1.0,0.2969454,,,71680
0.042263523,,0.12083616459851947,,19.554234,19.305672,-0.8498713,250.0,0.0,30.209041149629865,9.26333e-05,0.00027789989999999994,0.00027789989999999994,2.3998163,1.0,0.30529863,,,73728
0.038654942,,0.09866221811645505,,17.122633,16.908697,-0.8104501,250.0,0.0,24.665554529113763,9.24333e-05,0.0002772999,0.0002772999,1.9409876,1.0,0.27104995,,,75776
0.035209186,,0.13365259923888104,,15.52355,15.328592,-0.7868376,250.0,0.0,33.41314980972026,9.22333e-05,0.00027669989999999997,0.00027669989999999997,2.2750611,1.0,0.27373806,,,77824
0.03255135,,0.14753198183473992,,17.402077,17.219975,-0.8365161,250.0,0.0,36.88299545868498,9.20333e-05,0.00027609989999999995,0.00027609989999999995,2.0244944,1.0,0.27182218,,,79872
0.03008097,,0.14752602979649787,,17.368118,17.118092,-0.8299974,250.0,0.0,36.88150744912447,9.18083e-05,0.00027542489999999995,0.00027542489999999995,2.0086596,1.0,0.28158435,,,81920
0.028030952,,0.15612124841922795,,15.099226,14.951078,-0.8309743,250.0,0.0,39.03031210480699,9.16083e-05,0.0002748249,0.0002748249,1.8311657,1.0,0.23847243,,,83968
0.02629283,,0.1622159381221706,,15.388601,15.213458,-0.889698,250.0,0.0,40.55398453054265,9.14083e-05,0.0002742249,0.0002742249,1.9209716,1.0,0.23974714,,,86016
0.024814347,,0.12906660588257932,,14.238113,14.140605,-0.87755555,250.0,0.0,32.26665147064483,9.12083e-05,0.00027362489999999996,0.00027362489999999996,1.3807384,1.0,0.22353144,,,88064
0.023533376,,0.1327603171374788,,15.814722,15.645376,-0.91581666,250.0,0.0,33.1900792843697,9.10083e-05,0.00027302489999999995,0.00027302489999999995,1.124739,1.0,0.25694466,,,90112
0.02224526,,0.21640929932158082,,14.746771,14.559212,-0.94859946,246.1,0.0,53.25832856304104,9.078720000000001e-05,0.0002723616,0.0002723616,1.4130156,1.0,0.2559747,,,92160
0.021461511,,0.10834504187991231,,13.9496,13.763608,-0.9759458,250.0,0.0,27.08626046997808,9.05872e-05,0.00027176159999999996,0.00027176159999999996,2.3825483,1.0,0.23639834,,,94208
0.02119324,,0.22417917481955163,,14.559308,14.402166,-0.9552425,250.0,0.0,56.04479370488791,9.03872e-05,0.0002711616,0.0002711616,2.338286,1.0,0.2338821,,,96256
0.021286163,,0.22306698946009518,,13.887596,13.72245,-0.9685675,250.0,0.0,55.7667473650238,9.018720000000001e-05,0.0002705616,0.0002705616,1.2899735,1.0,0.24647927,,,98304
0.021105347,,0.13440676540372143,,14.618075,14.4716215,-1.0050486,250.0,0.0,33.60169135093036,8.99872e-05,0.0002699616,0.0002699616,1.3602419,1.0,0.25533897,,,100352
0.020959992,,0.08639077807158535,,14.912977,14.715857,-1.0167344,250.0,0.0,21.597694517896336,8.976220000000001e-05,0.00026928659999999997,0.00026928659999999997,1.1255468,1.0,0.25728658,,,102400
0.021178782,,0.10692852938523897,,12.288792,12.121859,-1.0385163,250.0,0.0,26.732132346309744,8.956220000000001e-05,0.0002686866,0.0002686866,1.3679736,1.0,0.22089882,,,104448
0.021937227,,0.07482880477459256,,12.76636,12.644499,-1.040201,250.0,0.0,18.70720119364814,6.454066666666667e-05,0.00019362199999999998,0.00019362199999999998,1.6431396,1.0,0.23506264,,,106496
0.022284975,,0.12543755714503818,,12.541571,12.445331,-1.0051636,250.0,0.0,31.359389286259546,6.3874e-05,0.00019162199999999996,0.00019162199999999996,1.9713014,1.0,0.20378971,,,108544
0.022345785,,0.16549949785733747,,13.708609,13.486519,-1.0582134,241.2,0.0,39.9184788831898,6.315333333333333e-05,0.00018945999999999996,0.00018945999999999996,2.422769,1.0,0.21082492,,,110592
0.022468131,,0.06289251169685452,,11.369306,11.2180195,-0.98530084,250.0,0.0,15.723127924213628,6.248666666666667e-05,0.00018746,0.00018746,0.8709923,1.0,0.17676459,,,112640
0.021803644,,0.12060377966083101,,13.601766,13.45244,-0.9529497,250.0,0.0,30.150944915207752,6.182000000000001e-05,0.00018546,0.00018546,1.6502953,1.0,0.22541952,,,114688
0.021061832,,0.28214606455778046,,13.656865,13.538478,-0.9616121,250.0,0.0,70.53651613944511,6.115333333333332e-05,0.00018345999999999995,0.00018345999999999995,1.4794862,1.0,0.21740952,,,116736
0.020474909,,0.1096302653391002,,11.740484,11.57063,-0.9430167,250.0,0.0,27.407566334775048,6.048666666666667e-05,0.00018146,0.00018146,1.3491825,1.0,0.20100453,,,118784
0.019524688,,0.0886224893672906,,12.213659,12.078054,-0.90178835,250.0,0.0,22.15562234182265,5.973666666666666e-05,0.00017920999999999996,0.00017920999999999996,2.1815078,1.0,0.19979075,,,120832
0.018649464,,0.10013107414197553,,12.167635,11.994478,-0.91558,250.0,0.0,25.032768535493883,5.907e-05,0.00017721,0.00017721,1.4151142,1.0,0.1906062,,,122880
0.01806023,,0.14285562196889526,,9.625334,9.505717,-0.9178952,250.0,0.0,35.713905492223816,5.8403333333333344e-05,0.00017521,0.00017521,1.1277816,1.0,0.15801333,,,124928
0.017219055,,0.17104892851444933,,10.145632,9.990948,-0.85522425,250.0,0.0,42.76223212861233,5.773666666666666e-05,0.00017320999999999995,0.00017320999999999995,1.022352,1.0,0.17559478,,,126976
0.016397394,,0.12813017843650773,,12.267386,12.119018,-0.90810585,250.0,0.0,32.03254460912693,5.707e-05,0.00017120999999999998,0.00017120999999999998,1.2833406,1.0,0.1931636,,,129024
0.016087962,,0.13319574449286148,,10.896991,10.775701,-1.007093,250.0,0.0,33.29893612321537,5.6319999999999996e-05,0.00016895999999999995,0.00016895999999999995,0.8870495,1.0,0.16149609,,,131072
0.016096441,,0.19021866737614704,,10.247393,10.139226,-0.97790706,250.0,0.0,47.55466684403676,5.565333333333334e-05,0.00016696,0.00016696,1.2402681,1.0,0.15497239,,,133120
0.015847422,,0.14684327225671776,,9.986778,9.911863,-0.95425576,250.0,0.0,36.71081806417944,5.498666666666667e-05,0.00016496,0.00016496,1.4970742,1.0,0.16364174,,,135168
0.015407825,,0.09435872879306464,,9.722055,9.582756,-0.93421763,250.0,0.0,23.58968219826616,5.432e-05,0.00016296,0.00016296,1.1716468,1.0,0.15333053,,,137216
0.014973393,,0.10211340756838341,,10.457428,10.341242,-0.9106266,250.0,0.0,25.528351892095852,5.365333333333333e-05,0.00016095999999999998,0.00016095999999999998,1.0776479,1.0,0.16598558,,,139264
0.014789301,,0.13793333343463574,,10.74169,10.665738,-0.8910717,250.0,0.0,34.48333335865893,5.290333333333334e-05,0.00015871,0.00015871,1.0863191,1.0,0.15793481,,,141312
0.0142816175,,0.15912679483753747,,9.987222,9.89547,-0.9420806,250.0,0.0,39.781698709384365,5.223666666666667e-05,0.00015670999999999998,0.00015670999999999998,1.1373179,1.0,0.14761266,,,143360
0.014214101,,0.15772391283706005,,9.422765,9.341892,-1.0348116,250.0,0.0,39.430978209265014,5.157000000000001e-05,0.00015471,0.00015471,0.701725,1.0,0.14968665,,,145408
0.014400804,,0.13114385272465848,,8.795252,8.738314,-1.0380598,250.0,0.0,32.78596318116462,5.090333333333334e-05,0.00015271,0.00015271,1.0722635,1.0,0.14373074,,,147456
0.014634798,,0.07769308397504698,,8.567318,8.48432,-1.040734,250.0,0.0,19.423270993761747,5.0236666666666666e-05,0.00015070999999999997,0.00015070999999999997,1.0204076,1.0,0.14825591,,,149504
0.014761721,,0.08758561735828059,,9.060537,8.907397,-0.9967016,250.0,0.0,21.896404339570147,4.948666666666667e-05,0.00014846,0.00014846,1.2161157,1.0,0.16212368,,,151552
0.0148768155,,0.13479137731504146,,7.573367,7.4875207,-1.0090932,250.0,0.0,33.69784432876036,4.882e-05,0.00014645999999999998,0.00014645999999999998,0.69225645,1.0,0.13740796,,,153600
0.015224801,,0.1702277620681858,,8.542774,8.453806,-1.0901328,250.0,0.0,42.55694051704645,4.815333333333334e-05,0.00014446,0.00014446,0.83227026,1.0,0.14802942,,,155648
0.015693717,,0.14296662297007898,,8.833871,8.77298,-1.0418581,250.0,0.0,35.74165574251975,4.748666666666667e-05,0.00014246,0.00014246,0.76334035,1.0,0.16743141,,,157696
0.015528214,,0.151356508116296,,7.9100304,7.862722,-0.9778336,250.0,0.0,37.839127029074,4.6819999999999996e-05,0.00014045999999999997,0.00014045999999999997,1.0005753,1.0,0.16002987,,,159744
0.015160015,,0.1230299516376305,,8.409542,8.362718,-0.9596139,250.0,0.0,30.757487909407626,4.6070000000000004e-05,0.00013821,0.00013821,0.83474255,1.0,0.15486321,,,161792
0.014802536,,0.11128005820898758,,8.391072,8.299568,-0.96690875,250.0,0.0,27.820014552246896,4.540333333333333e-05,0.00013620999999999997,0.00013620999999999997,0.69305253,1.0,0.1669953,,,163840
0.014674224,,0.10160046810790398,,7.4973655,7.4249372,-0.98086166,250.0,0.0,25.400117026975995,4.473666666666667e-05,0.00013421,0.00013421,1.0301564,1.0,0.15612802,,,165888
0.014321072,,0.11680675048374119,,8.377981,8.289826,-0.9240797,250.0,0.0,29.201687620935296,4.407e-05,0.00013220999999999998,0.00013220999999999998,1.0597762,1.0,0.17529511,,,167936
0.013760863,,0.12057643693944606,,7.6634307,7.606395,-0.8698743,250.0,0.0,30.144109234861514,4.340333333333334e-05,0.00013021000000000002,0.00013021000000000002,1.0433486,1.0,0.152158,,,169984
0.013164917,,0.1526773165882178,,8.192726,8.115385,-0.8324029,250.0,0.0,38.16932914705445,4.273666666666667e-05,0.00012821,0.00012821,0.7037823,1.0,0.1676121,,,172032
0.012689799,,0.12158281020239717,,8.2032795,8.082266,-0.9024603,250.0,0.0,30.395702550599292,4.1986666666666676e-05,0.00012596,0.00012596,0.75645393,1.0,0.16342472,,,174080
0.0124415895,,0.09587731169508183,,8.2101555,8.137605,-0.94349766,250.0,0.0,23.969327923770457,4.1320000000000004e-05,0.00012396,0.00012396,0.8402066,1.0,0.16589184,,,176128
0.012181585,,0.07369423463453939,,7.694358,7.6401396,-0.93501157,250.0,0.0,18.423558658634846,4.065333333333333e-05,0.00012195999999999998,0.00012195999999999998,1.0215161,1.0,0.16170493,,,178176
0.011907844,,0.0745026800853419,,9.349017,9.274979,-0.9208621,250.0,0.0,18.625670021335477,3.9986666666666675e-05,0.00011996,0.00011996,1.2456974,1.0,0.18896732,,,180224
0.011634943,,0.08432303564066766,,8.488364,8.375776,-0.91801757,250.0,0.0,21.080758910166917,3.932e-05,0.00011795999999999999,0.00011795999999999999,1.0217733,1.0,0.17037141,,,182272
0.0112990625,,0.11079915197673529,,8.747782,8.644674,-0.97854125,250.0,0.0,27.699787994183822,3.8570000000000005e-05,0.00011571,0.00011571,1.199635,1.0,0.18024893,,,184320
0.011193765,,0.07415600033645116,,7.8153963,7.7552805,-1.0361931,250.0,0.0,18.53900008411279,3.7903333333333334e-05,0.00011371,0.00011371,1.0113571,1.0,0.16033444,,,186368
0.011273898,,0.12323276142335829,,6.2570944,6.206165,-1.0563784,250.0,0.0,30.80819035583957,3.723666666666666e-05,0.00011170999999999997,0.00011170999999999997,0.72186065,1.0,0.13354847,,,188416
0.011436859,,0.10847699077031422,,6.909938,6.853625,-1.0168295,250.0,0.0,27.119247692578558,3.6570000000000004e-05,0.00010970999999999999,0.00010970999999999999,0.77066314,1.0,0.14901975,,,190464
0.011674152,,0.14434237338130068,,7.841642,7.7596855,-1.057573,250.0,0.0,36.08559334532517,3.590333333333333e-05,0.00010770999999999998,0.00010770999999999998,0.6160027,1.0,0.15599239,,,192512
0.011922108,,0.12284122696147073,,7.562149,7.4842706,-1.0394888,250.0,0.0,30.710306740367685,3.515333333333334e-05,0.00010546,0.00010546,0.9693576,1.0,0.14403306,,,194560
0.0121872425,,0.09029763836917719,,6.957715,6.8870025,-1.0791496,250.0,0.0,22.574409592294298,3.448666666666667e-05,0.00010345999999999999,0.00010345999999999999,0.90560436,1.0,0.14398083,,,196608
0.012462489,,0.11509786892170712,,7.3802085,7.2958503,-1.0918107,250.0,0.0,28.77446723042678,3.382e-05,0.00010145999999999998,0.00010145999999999998,1.1240934,1.0,0.15784125,,,198656
0.012694158,,0.09394461426351994,,6.810527,6.754434,-1.0884118,250.0,0.0,23.486153565879984,3.315333333333333e-05,9.946e-05,9.946e-05,0.94039166,1.0,0.14540699,,,200704
0.012989832,,0.1171974209630712,,6.741952,6.7060776,-1.0939395,250.0,0.0,29.299355240767802,3.248666666666667e-05,9.745999999999998e-05,9.745999999999998e-05,0.67218673,1.0,0.13913777,,,202752
0.013337195,,0.10160881564000275,,7.6301765,7.5731034,-1.1009591,250.0,0.0,25.402203910000686,3.173666666666667e-05,9.520999999999999e-05,9.520999999999999e-05,1.0395551,1.0,0.14406589,,,204800
0.013571797,,0.11837517855656798,,5.5824995,5.5218763,-1.0369396,250.0,0.0,29.593794639141997,3.107e-05,9.320999999999998e-05,9.320999999999998e-05,0.664765,1.0,0.1222706,,,206848
0.013845558,,0.0948445572497204,,5.0793867,5.0607104,-1.073353,250.0,0.0,23.7111393124301,3.0403333333333338e-05,9.121e-05,9.121e-05,0.37194443,1.0,0.10950055,,,208896
0.014061278,,0.13344282017388373,,6.563057,6.5087194,-1.0590243,250.0,0.0,33.36070504347093,2.973666666666667e-05,8.921e-05,8.921e-05,0.80729187,1.0,0.1388024,,,210944
0.014248264,,0.09340205782812652,,6.1844883,6.1266074,-1.0394455,250.0,0.0,23.35051445703163,2.9069999999999998e-05,8.720999999999999e-05,8.720999999999999e-05,0.6269402,1.0,0.13869034,,,212992
0.014366865,,0.08876252138611457,,7.4033036,7.327217,-1.0191362,250.0,0.0,22.190630346528643,2.8403333333333336e-05,8.521e-05,8.521e-05,0.58003926,1.0,0.15460731,,,215040
0.0145484535,,0.12357584325189332,,6.5713844,6.4999404,-1.0454478,250.0,0.0,30.89396081297333,2.7653333333333332e-05,8.295999999999998e-05,8.295999999999998e-05,0.7368126,1.0,0.139366,,,217088
0.014731623,,0.10466648209920261,,6.841281,6.7771325,-1.018626,250.0,0.0,26.166620524800653,2.698666666666667e-05,8.096e-05,8.096e-05,0.6723906,1.0,0.14104618,,,219136
0.014760522,,0.0769448191655436,,6.5784035,6.5031357,-1.0034044,250.0,0.0,19.2362047913859,2.632e-05,7.895999999999999e-05,7.895999999999999e-05,0.652552,1.0,0.1380598,,,221184
0.014752152,,0.15387141095996,,6.3617363,6.278764,-1.0139476,250.0,0.0,38.46785273998999,2.565333333333333e-05,7.695999999999998e-05,7.695999999999998e-05,0.6609768,1.0,0.12901418,,,223232
0.014672272,,0.07091140419561306,,7.4548516,7.377079,-0.97028065,250.0,0.0,17.727851048903265,2.498666666666667e-05,7.496e-05,7.496e-05,1.041138,1.0,0.15446228,,,225280
0.014474487,,0.0665890027471445,,5.5825043,5.5557723,-0.9272744,250.0,0.0,16.647250686786123,2.4236666666666664e-05,7.270999999999997e-05,7.270999999999997e-05,0.5775568,1.0,0.12179575,,,227328
0.01428326,,0.15759064144554139,,6.1428704,6.049416,-0.9409159,250.0,0.0,39.39766036138535,2.3570000000000003e-05,7.071e-05,7.071e-05,0.7714273,1.0,0.13386329,,,229376
0.01406465,,0.16231386402552728,,6.2679768,6.199685,-0.945896,250.0,0.0,40.57846600638182,2.290333333333333e-05,6.870999999999998e-05,6.870999999999998e-05,0.6882714,1.0,0.13048366,,,231424
0.013814504,,0.09321685136469865,,6.449685,6.3590064,-0.9412993,250.0,0.0,23.304212841174664,2.2236666666666673e-05,6.671e-05,6.671e-05,0.5305739,1.0,0.13736317,,,233472
0.013631159,,0.07898548143972633,,5.096118,5.072916,-0.94830763,250.0,0.0,19.746370359931582,2.1570000000000002e-05,6.471e-05,6.471e-05,0.5367764,1.0,0.12187721,,,235520
0.013427879,,0.15627000718040468,,6.1098185,6.064848,-0.92410725,250.0,0.0,39.06750179510117,2.0820000000000007e-05,6.246000000000001e-05,6.246000000000001e-05,0.8313335,1.0,0.12852567,,,237568
0.013208449,,0.09596302555787145,,6.077106,6.0455127,-0.9252718,250.0,0.0,23.99075638946786,2.0153333333333336e-05,6.046e-05,6.046e-05,0.665025,1.0,0.13603249,,,239616
0.01303749,,0.1369262832936019,,5.06231,5.0426493,-0.92989045,250.0,0.0,34.231570823400475,1.9486666666666664e-05,5.8459999999999986e-05,5.8459999999999986e-05,0.8079072,1.0,0.115483224,,,241664
0.012960656,,0.12947143404967806,,5.2942443,5.242227,-0.9517256,250.0,0.0,32.36785851241952,1.8820000000000003e-05,5.6460000000000005e-05,5.6460000000000005e-05,0.4046299,1.0,0.112589315,,,243712
0.012841339,,0.10847839344081125,,5.45826,5.420174,-0.9696373,250.0,0.0,27.119598360202815,1.8153333333333335e-05,5.445999999999999e-05,5.445999999999999e-05,0.64457244,1.0,0.11620452,,,245760
0.012742123,,0.08001569763240046,,4.249263,4.254272,-1.0029428,250.0,0.0,20.003924408100115,1.7403333333333337e-05,5.221000000000001e-05,5.221000000000001e-05,0.32307324,1.0,0.10264337,,,247808
0.012667309,,0.12245437984528716,,5.858854,5.837779,-0.9900425,250.0,0.0,30.61359496132179,1.673666666666667e-05,5.0209999999999995e-05,5.0209999999999995e-05,0.38132948,1.0,0.12145728,,,249856
0.012576416,,0.13009627037761873,,5.8378553,5.7795916,-0.96205634,250.0,0.0,32.524067594404684,1.6069999999999997e-05,4.820999999999998e-05,4.820999999999998e-05,0.89266527,1.0,0.12414883,,,251904
0.012481668,,0.15069316575295383,,6.2705107,6.1969323,-0.99183285,250.0,0.0,37.67329143823846,1.5403333333333335e-05,4.621e-05,4.621e-05,0.74070597,1.0,0.1389111,,,253952
0.012400709,,0.17185750083292792,,5.3576965,5.2834616,-0.97303754,250.0,0.0,42.96437520823198,1.4736666666666666e-05,4.420999999999999e-05,4.420999999999999e-05,0.591816,1.0,0.1269897,,,256000
0.012334335,,0.1345511967275102,,5.475404,5.403901,-0.9744914,250.0,0.0,33.637799181877554,1.398666666666667e-05,4.1960000000000005e-05,4.1960000000000005e-05,0.5542725,1.0,0.13227616,,,258048
0.012314858,,0.11990185084700354,,5.85588,5.837384,-0.97205937,250.0,0.0,29.975462711750886,1.332e-05,3.995999999999999e-05,3.995999999999999e-05,0.7148887,1.0,0.12644453,,,260096
0.012222027,,0.10898988923867119,,5.6705317,5.6274023,-0.9242102,250.0,0.0,27.247472309667796,1.265333333333334e-05,3.796000000000001e-05,3.796000000000001e-05,0.64744186,1.0,0.11977836,,,262144
0.012090696,,0.11499806322119567,,5.269114,5.2291846,-0.9019912,250.0,0.0,28.749515805298916,1.1986666666666668e-05,3.596e-05,3.596e-05,0.60373974,1.0,0.12097816,,,264192
0.011978645,,0.07322234936491012,,5.393712,5.3605933,-0.90330124,250.0,0.0,18.30558734122753,1.1319999999999997e-05,3.3959999999999987e-05,3.3959999999999987e-05,0.57527053,1.0,0.12542999,,,266240
0.011891707,,0.12952283537757753,,5.0999994,5.075026,-0.8845681,250.0,0.0,32.380708844394384,1.0653333333333337e-05,3.1960000000000006e-05,3.1960000000000006e-05,0.51585186,1.0,0.11848253,,,268288
0.011774568,,0.11268606831045788,,4.9953494,4.941018,-0.8913007,250.0,0.0,28.17151707761447,9.90333333333333e-06,2.9709999999999988e-05,2.9709999999999988e-05,0.5329672,1.0,0.119269416,,,270336
0.011678672,,0.10057665992432566,,4.2901134,4.250696,-0.886669,250.0,0.0,25.144164981081413,9.23666666666667e-06,2.771000000000001e-05,2.771000000000001e-05,0.49471942,1.0,0.11236709,,,272384
0.011592149,,0.0957390875061078,,5.140324,5.104618,-0.8880421,250.0,0.0,23.93477187652695,8.570000000000001e-06,2.5709999999999996e-05,2.5709999999999996e-05,0.43284726,1.0,0.12065537,,,274432
0.011528665,,0.06801012926648882,,4.779006,4.723981,-0.90883684,250.0,0.0,17.002532316622204,7.90333333333333e-06,2.3709999999999985e-05,2.3709999999999985e-05,0.5030769,1.0,0.113242604,,,276480
0.011492149,,0.09913883443606132,,5.846952,5.8038054,-0.95558566,250.0,0.0,24.78470860901533,7.23666666666667e-06,2.1710000000000004e-05,2.1710000000000004e-05,0.8390268,1.0,0.12843667,,,278528
0.011433872,,0.0985082522935413,,4.5530195,4.5157137,-0.9018213,250.0,0.0,24.627063073385326,6.486666666666663e-06,1.9459999999999986e-05,1.9459999999999986e-05,0.5033835,1.0,0.11212711,,,280576
0.0113604525,,0.09919802000399712,,3.8382592,3.809705,-0.84332865,250.0,0.0,24.79950500099928,5.8200000000000036e-06,1.7460000000000006e-05,1.7460000000000006e-05,0.5448104,1.0,0.09309888,,,282624
0.011300537,,0.1272774180677153,,4.0784006,4.0723963,-0.85901916,250.0,0.0,31.819354516928826,5.153333333333332e-06,1.5459999999999994e-05,1.5459999999999994e-05,0.3626588,1.0,0.1015378,,,284672
0.011252843,,0.13446484012661203,,4.797557,4.7752604,-0.8757089,250.0,0.0,33.616210031653004,4.486666666666672e-06,1.3460000000000015e-05,1.3460000000000015e-05,0.6416118,1.0,0.11455645,,,286720
0.011213796,,0.14706075408593489,,4.91009,4.8607407,-0.91580504,250.0,0.0,36.76518852148372,3.8200000000000015e-06,1.1460000000000002e-05,1.1460000000000002e-05,0.45465454,1.0,0.110229276,,,288768
0.011176294,,0.10569596710941778,,4.8501835,4.800573,-0.905589,250.0,0.0,26.423991777354445,3.069999999999995e-06,9.209999999999985e-06,9.209999999999985e-06,0.75690806,1.0,0.10982455,,,290816
0.011151925,,0.10122108690622307,,4.5888543,4.5468874,-0.92282283,250.0,0.0,25.305271726555766,2.403333333333335e-06,7.210000000000005e-06,7.210000000000005e-06,0.629148,1.0,0.11531057,,,292864
0.01113252,,0.09815564924673602,,4.272805,4.25203,-0.9103368,250.0,0.0,24.538912311684005,1.7366666666666643e-06,5.209999999999992e-06,5.209999999999992e-06,0.4904278,1.0,0.10720849,,,294912
0.011116612,,0.11952255926855235,,3.96349,3.930058,-0.8712244,250.0,0.0,29.880639817138086,1.0700000000000044e-06,3.2100000000000125e-06,3.2100000000000125e-06,0.69299775,1.0,0.105552815,,,296960
0.011105936,,0.14393488544695135,,5.555686,5.5175405,-0.9295313,250.0,0.0,35.983721361737835,4.033333333333333e-07,1.2099999999999998e-06,1.2099999999999998e-06,0.6712997,1.0,0.119672,,,299008
